text,label
"Aviato's customer success team has been really unhelpful in getting us set up and running, it's like they're not invested in our success.",complaint
"I've been using BloomCRM for a while, but I'm not sure how to use the reporting feature, can someone help me?",other
"I've been trying to get in touch with someone at Aviato about a strategic partnership, but no one seems to be responding.",complaint
The ability to set reminders in Tracksy would be incredibly helpful for our team,feature_request
"I've been using Tracksy for a while now, but the constant changes to the UI are making it hard for me to navigate.",complaint
Can you provide more information about the data encryption methods used by Aviato to secure user data?,other
"I've updated my payment method in Tracksy, but I'm still being charged to my old card, can you please fix this?",billing
"I'm starting to think that BloomCRM is just a waste of money, it's not delivering on any of its promises.",complaint
"UI issue in Aviato, the sidebar is overlapping with the main content area, making it hard to navigate.",technical_issue
"I'm interested in learning more about the security measures in place for BloomCRM, can you provide some more information?",other
"I'm getting a 'Failed to Sync' error when trying to connect my Tracksy account to BloomCRM, can you help me resolve this issue?",technical_issue
"I want to switch my payment method for Aviato from credit card to bank transfer, can I do this?",billing
"I'm being charged a currency conversion fee for my Tracksy subscription, can I pay in my local currency instead?",billing
I think it would be great if BloomCRM had a feature to automatically sync contacts with my email account.,feature_request
"I'm trying to invite a new user to our Tracksy account but I'm getting an error, can you help me troubleshoot?",other
I'm trying to decide between Aviato and a competitor - can you provide some comparison information to help me make a decision?,other
"It would be amazing if BloomCRM integrated with our existing email marketing tool, Mailchimp.",feature_request
"I'm trying to reactivate my cancelled subscription to Tracksy, but I'm being asked to pay a setup fee, is this correct?",billing
"It would be great if Tracksy integrated with Google Calendar, that way I could schedule meetings directly from the app.",feature_request
"I'm getting a 'Connection Refused' error when trying to connect to the Aviato API, can you check if there's an issue with the servers?",technical_issue
"The onboarding process for new team members on our Aviato account has been a joke, it's like you expect us to already know everything.",complaint
"The Aviato workflow editor is not saving my changes, it just reverts back to the previous version when I click save.",technical_issue
"The Tracksy dashboard is slow to load, it's taking over a minute to display my data.",technical_issue
"How do I get started with using Tracksy, is there a setup guide or tutorial available?",other
"It's crucial for our workflow to have a 'task dependency' feature in Tracksy, can you consider adding this?",feature_request
"I need to add another user to my Tracksy account, but I'm not sure how the pricing will work, can you please advise?",billing
"It would be awesome if Tracksy had a native integration with Google Drive, can you make that happen?",feature_request
"I'm having trouble with the Aviato calendar integration, it's not syncing with my Google Calendar.",technical_issue
I think BloomCRM should have a built-in survey tool for collecting customer feedback and Net Promoter Score.,feature_request
"The Tracksy task assignments are not updating in real-time, there's a delay of several minutes.",technical_issue
Can you please add a feature to BloomCRM that allows us to send automated follow-up emails to clients?,feature_request
"I'm having trouble with the BloomCRM API, it's returning a '401 Unauthorized' error, even though I've checked my API keys.",technical_issue
"The UI for the Aviato reporting tool is not loading, I just get a blank page with a loading animation that never stops.",technical_issue
"I'm disappointed in the lack of innovation from BloomCRM, it's like you're just playing catch-up with the competition.",complaint
"I'm being charged for a feature I don't use, can I get a refund or switch to a different plan with Aviato?",billing
"The invoice for Aviato is incorrect, it's showing the wrong plan and price.",billing
"I'm having trouble with the Tracksy API, it's not returning the expected data and I'm getting a 'Invalid Request' error.",technical_issue
"I'd like to request a demo of the Aviato premium features, can that be arranged?",other
"I don't understand why Aviato can't seem to get the reporting feature right, it's been a year and it still doesn't work as expected.",complaint
"Aviato's date picker is not working, it's not allowing me to select a date.",technical_issue
"I'd like to know more about integrating BloomCRM with our existing Tracksy system, is this possible?",other
"I'm getting a 'timeout error' when trying to access the Aviato analytics page, can you increase the timeout limit or help me troubleshoot?",technical_issue
"I'm being charged for a feature I don't use in Aviato, can I get a customized pricing plan?",billing
"I have a question about the invoice for my BloomCRM subscription, can you please clarify the charges for me?",billing
"I'm starting to feel like I've made a huge mistake by investing in Tracksy, the returns just aren't there.",complaint
"I don't understand why Aviato can't seem to get the basics right, it's like you're trying to overcomplicate things.",complaint
"I'm not sure what's going on with your team, but the support for BloomCRM has been subpar at best.",complaint
"I want to upgrade my plan in Tracksy, but I don't want to be charged a pro-rated fee, can I do this?",billing
I'm getting a '504 Gateway Timeout' error when trying to access the Aviato dashboard.,technical_issue
"I think it would be amazing if Aviato integrated with Google Calendar, that would make scheduling meetings so much easier.",feature_request
"I'm getting a 'database connection error' when trying to access the BloomCRM reports, can you please fix this?",technical_issue
I'd like to request some information about the upcoming features and roadmap for Tracksy - are there any exciting developments on the horizon?,other
I'd love to get some feedback from your team on how we can use Aviato to streamline our workflow - can someone review our current process and provide suggestions?,other
I think it would be really helpful if Tracksy had a feature to set reminders for upcoming deadlines.,feature_request
"My company is tax exempt, but the BloomCRM invoice is showing tax, can you update our account to reflect this?",billing
"I'm interested in learning more about the company culture at Aviato, can I schedule a call with someone from HR?",other
"How do I export data from Aviato, I need to analyze it in a different tool?",other
"I'm trying to add a new payment method in Tracksy but it's not working, can you help me troubleshoot?",billing
I'm getting a 'sync failed' error when trying to connect Tracksy to my Google Drive account.,technical_issue
Can you add a feature to BloomCRM that allows us to customize the dashboard with our company's logo?,feature_request
Can you change my billing date for Aviato to the 15th of each month instead of the 1st?,billing
Do you offer any discounts for non-profit organizations using Aviato?,other
"The 'User Management' section in BloomCRM is not loading, I get a 'Page Not Found' error when I try to access it.",technical_issue
"I'm trying to use the BloomCRM API to fetch customer data, but it's returning an error message 'invalid request'.",technical_issue
"I've heard great things about your customer support team, can you tell me more about your support process?",other
Can we get a feature to set custom access permissions for team members in Aviato?,feature_request
Can you explain why I'm being charged a different price for Aviato than what's listed on the website?,billing
It would be amazing if Tracksy had a 'task dependency' feature to visualize project relationships.,feature_request
Can you please clarify why I was double charged for my monthly Aviato subscription?,billing
Can you tell me more about the data security measures in place at Aviato?,other
"I'd love to see a feature in Tracksy that allows me to track website interactions, can you make that happen?",feature_request
"I need to add another user to my Aviato subscription, but I'm not sure how this will affect my billing, can you advise?",billing
Can you explain why I'm being charged a higher price for Tracksy than what's listed on the website?,billing
When will I be billed for the upcoming month of BloomCRM premium?,billing
"I'm not sure what's going on, but Tracksy's user interface has just gotten really confusing and hard to navigate.",complaint
"Can someone help me understand how to use the 'Tasks' feature in Aviato, I'm not sure I'm using it correctly?",other
I wish Tasksy had a Gantt chart view for visualizing project timelines and dependencies.,feature_request
"Can you tell me more about your partnership opportunities, I'm interested in potentially working together?",other
"Your customer support team is really unresponsive, I've been waiting for days to get a simple question answered about BloomCRM.",complaint
"I'm starting to think that Aviato is just a money grab, the constant upselling and cross-selling is really annoying and unprofessional.",complaint
"I'm seeing a charge on my credit card for Tracksy, but I don't recall signing up for it, can you please investigate?",billing
"I'm at my wit's end with the lack of transparency from your team, we deserve better communication about the development roadmap of BloomCRM.",complaint
Can you please add a reminder feature to Tracksy so we don't forget important deadlines?,feature_request
"I've been trying to cancel my subscription to BloomCRM, but I'm still being charged, can you please assist me?",billing
I'm interested in learning more about the customer success team and how they can help me get the most out of BloomCRM,other
"I'd love to see an integration between Aviato and Slack, so we can get notifications and updates directly in our channels.",feature_request
"I'd like to request a refund for my unused Aviato credits, is this possible?",billing
"I'm trying to sync my data from BloomCRM to Aviato, but it's not working and I'm getting an 'authentication failed' error.",technical_issue
"The Aviato dashboard is not displaying any data, it's just a blank screen with a loading animation.",technical_issue
"I have a question about my invoice for last month's BloomCRM usage, can you provide a breakdown of the charges?",billing
"I've been trying to integrate BloomCRM with our company's LinkedIn page, but it's not working, can you assist me?",technical_issue
"It would be amazing if BloomCRM had a predictive analytics feature, that would help me forecast sales and revenue.",feature_request
"I'm trying to upload a file to Tracksy but it's giving me a 'File Type Not Supported' error, even though it's a standard PDF.",technical_issue
"I'm trying to integrate my BloomCRM with Mailchimp, but the connection keeps failing, can you assist me?",technical_issue
"I've been charged for a service I didn't use in Tracksy, can I get a refund or credit towards my next bill?",billing
It would be great if Tracksy had a mobile app for on-the-go tracking of projects.,feature_request
"I'm fed up with the constant bugs and glitches in Aviato, it's affecting my work.",complaint
"Your product Tracksy has so much potential, but the onboarding process is a total mess, it's like you're trying to confuse us.",complaint
"I'm at my wit's end with Aviato, the constant frustration is taking a toll on my productivity.",complaint
"I've been noticing that the BloomCRM calendar is not syncing with our Google Calendar, can you help me resolve this integration issue?",technical_issue
"How do I update my billing address for Tracksy, I just moved to a new office.",billing
"When I try to upload a file to the BloomCRM document manager, I get an error saying the file type is not supported, even though it's a standard PDF.",technical_issue
Can you explain the difference between the various pricing plans offered by Tracksy?,other
Can you add a custom dashboard option to BloomCRM so I can see the metrics that matter most to my business?,feature_request
"Every time I try to create a new project in Tracksy, I get a '500 internal server error', what's going on?",technical_issue
"I'm being charged for a year of BloomCRM, but I only wanted to pay month-to-month, can I get a refund for the rest of the year?",billing
"I'm not sure what's going on with Aviato's development team, but it feels like they're not listening to customer feedback at all.",complaint
Can someone from Tracksy reach out to discuss a custom implementation for my company?,other
"I've been recommending Tracksy to colleagues, but after the latest update, I'm regretting that decision, the new layout is a mess.",complaint
"I've been trying to cancel my subscription to Tracksy but the website won't let me, can you cancel it for me?",billing
"It would be really helpful if Aviato had a built-in time tracking feature, can you add that to the roadmap?",feature_request
"I'm so disappointed in the lack of transparency from Aviato, it feels like you're hiding something from us.",complaint
"I'd love to discuss potential partnership opportunities between our company and Aviato, is there a contact I can speak with?",other
I'd love to see a feature in Aviato that allows me to create custom workflows for our team's processes.,feature_request
"I'm trying to find the Aviato user manual, can you please provide a link?",other
"I'm experiencing a weird issue where Tracksy is duplicating tasks, can you look into this?",technical_issue
I'm looking for some information about the security measures in place to protect user data in Aviato - can you provide some details?,other
"Can I pay my BloomCRM subscription annually instead of monthly, and will I get a discount?",billing
"I'm trying to get started with Aviato, but I'm not sure what the best workflow is for my team - can someone reach out to help me get set up?",other
Can you tell me more about the security measures in place for Aviato's cloud storage?,other
"Can you please add a feature to Tracksy that allows me to create custom fields and tags, that would make it easier to organize my data.",feature_request
"It would be great if Tracksy had a feature to set custom notification preferences, so I can control what emails I receive.",feature_request
I think it would be great if Aviato had a built-in time tracking feature for tasks.,feature_request
I wish there was an option in BloomCRM to send automated follow-up emails to clients,feature_request
"I've been using Aviato for months now and the constant lag is making it hard for me to meet deadlines, this is unacceptable.",complaint
"I'm starting to think that Aviato is just not the right fit for our company, the vibe is just not good.",complaint
"I've had it with the constant 'we're working on it' responses from your support team, it's time for some real action on the issues with BloomCRM.",complaint
"I'm getting a 'Failed to load data' error when trying to access my dashboard on Aviato, can you help me fix this?",technical_issue
"I've been trying to troubleshoot the issue with the Tracksy API, but I'm getting a 'connection refused' error, can you provide assistance?",technical_issue
"I'm at my wit's end with Tracksy, it's just so frustrating to use, I'm on the verge of cancelling my subscription.",complaint
"I don't know what kind of testing you guys do at Tracksy, but it's clear that you're not listening to your customers.",complaint
"The Aviato web app is slow and unresponsive, taking forever to load pages and respond to clicks.",technical_issue
"I'm experiencing issues with the Tracksy search function, it's not returning any results even though I know the data is there.",technical_issue
I'd like to schedule a demo of Tracksy to see if it's a good fit for our company,other
"I'm being charged for an extra user in Aviato that I didn't add, can you remove the charge and the extra user?",billing
"I'm trying to reactivate my BloomCRM account, but it's saying my payment method is invalid.",billing
Can you please clarify why I was charged a different amount this month for BloomCRM?,billing
"I've been a loyal customer of BloomCRM for years, but the recent changes have made me question my loyalty.",complaint
"I'm trying to find the Aviato dashboard tutorial, can you please point me in the right direction?",other
The BloomCRM mobile app crashes every time I try to access the contacts tab.,technical_issue
"I'm interested in exploring potential partnership opportunities between my company and BloomCRM, can we schedule a call?",other
"I've been a loyal customer of Aviato for years, but the recent changes have really made me question my decision, it's just not the same.",complaint
"I have a question about the billing cycle for Tracksy, can you please clarify how it works?",billing
"I'm starting to regret switching to Aviato, the overall feel of the product is just not what I expected.",complaint
"I just received an email that my subscription to BloomCRM is going to renew, but I want to cancel it, can you cancel it for me?",billing
"I'm trying to export data from BloomCRM but it's giving me a 'Failed to Export' error, can you help me resolve this?",technical_issue
"Can you add a feature to Tracksy that allows us to set deadlines for tasks, and send reminders to team members when they're approaching?",feature_request
What are the system requirements for running Tracksy on a Mac?,other
"I've been using Tracksy for months now and I have to say, the user experience is really underwhelming, feels like it was designed for a different era.",complaint
"I'm getting really tired of the 'coming soon' label on so many features in BloomCRM, when can we actually expect to see some real progress?",complaint
"I'm trying to pay my outstanding balance for Tracksy, but the payment page isn't working, can you please help?",billing
Is there any way to add custom fields to the customer profile in BloomCRM so we can store additional information?,feature_request
"I'm shocked at how little attention is paid to the user experience in Tracksy, it's like the developers have never used the product themselves.",complaint
Are there any plans to expand the Tracksy platform to include additional features or tools?,other
Where can I find more information about the Tracksy API and how to integrate it with our existing tools?,other
"I'm getting a 'server error' when trying to log in to Aviato, can you please help me resolve this issue?",technical_issue
"I think it would be great if your software had a built-in project timeline view, similar to what Asana offers.",feature_request
Can you provide more information about the onboarding process for new Aviato customers?,other
"I'm trying to find a way to export my data from BloomCRM, can you walk me through the process?",other
"Do you have a community forum or support group for Aviato users, I'd love to connect with others?",other
"It would be fantastic if BloomCRM had a feature to automate lead scoring, so we can focus on the most promising leads.",feature_request
"I'm trying to cancel my Tracksy subscription, but the website is saying I'm still under contract, can you please review my account and confirm",billing
"I'm not sure if I'm using the 'Reports' feature in BloomCRM correctly, can someone provide some guidance?",other
"I want to upgrade my Aviato plan but I'm not sure how it will affect my billing, can you help me?",billing
Can you provide some information about the company culture and values at BloomCRM - I'm interested in learning more about what it's like to work there,other
"Can you help me troubleshoot why my BloomCRM account is not sending emails, I've checked the settings and everything looks correct.",technical_issue
"I need to update my payment method for BloomCRM, but the website isn't letting me, can you help me with this?",billing
I'm getting a 'server error' when trying to save changes to a contact in Tracksy.,technical_issue
"BloomCRM's email notifications are really annoying and uncustomizable, can you please give us more control over what we receive?",complaint
Can you please add a feature to Aviato that allows us to track website analytics?,feature_request
"When I try to upload a file to Aviato, I get a 'File Upload Failed' error, can you help me resolve this issue?",technical_issue
"Can you add a custom fields option to Tracksy, I need to track some specific data for my clients.",feature_request
What's the policy on refunds for cancelled subscriptions to Tracksy?,billing
I'd love to see a 'project template' feature in Tracksy to speed up new project creation.,feature_request
"BloomCRM was supposed to make our lives easier, but it's just added more work and stress, what's going on?",complaint
"I'd love to learn more about the Tracksy development roadmap, are there any exciting features coming soon?",other
"Tracksy's dashboard isn't loading for me, just a blank page with a spinning wheel, can you help?",technical_issue
Can you provide more information about your API and how it can be used to integrate with other tools?,other
It's really important for us to have a feature in Tracksy that allows us to track customer interactions across multiple channels.,feature_request
"I'm really disappointed in the overall direction of Aviato, it's just not what I signed up for.",complaint
"I don't understand why Tracksy doesn't have a more comprehensive tutorial or guide, it's like you're leaving us to figure everything out on our own.",complaint
"I was supposed to be on a free trial for Tracksy but I was charged immediately, can I get a refund?",billing
"Aviato's dashboard is not loading for me, I've tried clearing my cache and restarting my browser but nothing seems to work.",technical_issue
"I love using Aviato, but I think it would be amazing if you could add a feature to integrate it with our existing CRM system.",feature_request
"I'm getting a 'Sync Failed' error when trying to connect my Tracksy account to BloomCRM, can you help me resolve this?",technical_issue
"The Aviato data export feature is not working, it's not generating a CSV file.",technical_issue
"When I try to upload a file to Tracksy, it says 'file type not supported', but it's a standard PDF.",technical_issue
"The Tracksy API is returning a 'rate limit exceeded' error, but I'm not sure why since I'm not making that many requests.",technical_issue
"My credit card expired and now my Tracksy subscription is suspended, how do I update my payment information?",billing
"I'm on the verge of cancelling my subscription to Tracksy, it's just not worth the hassle.",complaint
Can someone please explain to me why BloomCRM's UI looks like it was designed in the 90s?,complaint
"I've tried to reset my password in Aviato but the reset link is not working, can you help me regain access?",technical_issue
"I'm trying to find a way to integrate Aviato with our existing project management tool, can you offer any suggestions?",other
"Can someone explain to me why Aviato's customer support is so unresponsive, it's like they don't care about their customers.",complaint
"The Tracksy community forums are really unhelpful, it's like nobody knows what they're talking about.",complaint
"I've been charged twice for my Aviato subscription this month, can you please look into this and refund the extra charge?",billing
Are there any upcoming webinars or events for BloomCRM users?,other
Can you tell me what the difference is between the premium and standard plans for your product?,other
"I've tried to use BloomCRM on multiple devices, but it's just not consistent, it's really annoying.",complaint
"The BloomCRM mobile app is crashing every time I try to access the dashboard, please help!",technical_issue
"Can I change my subscription plan on Tracksy to a lower tier, and if so, how will it affect my billing?",billing
Can someone walk me through the process of setting up a new user account in Tracksy?,other
"The search function in Aviato is not working, it's not returning any results even though I know the data is there.",technical_issue
"Can we get an option to export data from Aviato in CSV format, it's really needed for our reporting?",feature_request
Where can I find more information about Tracksy's data storage policies?,other
I'm getting a 'Permission Denied' error when trying to access a project in Tracksy.,technical_issue
"I love the idea behind Aviato, but the execution is just not there, too much hype and not enough substance.",complaint
"I'm having trouble with the BloomCRM email integration, it's not sending emails from my account.",technical_issue
Can you help me understand how to use the reporting features in Aviato to track my team's progress?,other
"It would be great if BloomCRM had a feature to create custom sales pipelines, so we can tailor the platform to our sales process.",feature_request
"Are there any upcoming updates or new features planned for Aviato, I'd love to stay informed",other
"I'm extremely disappointed with the overall performance of Aviato, it's been a letdown since we switched from BloomCRM.",complaint
"I wish BloomCRM had a feature to create custom fields for contacts, so I can store more detailed information.",feature_request
Why was my credit card declined when trying to pay for BloomCRM? I have sufficient funds.,billing
I'm getting a 'Connection Timed Out' error when trying to access the Aviato API.,technical_issue
"Can you please add a search function to the knowledge base in Aviato, it's really hard to find what I'm looking for.",feature_request
"Urgent: my Tracksy invoice is overdue and I'm about to be charged a late fee, can you help me pay it ASAP?",billing
"I was really looking forward to using BloomCRM, but the interface is so cluttered and overwhelming, I don't know where to start.",complaint
"I'm not sure why I was charged a late fee for my Tracksy payment, I thought I paid on time",billing
"The more I use BloomCRM, the more I feel like I'm being nickel and dimed for every little feature.",complaint
"I'm trying to decide between BloomCRM and a competitor, can you tell me what sets you apart?",other
"I'm experiencing issues with the BloomCRM email template editor, it's not saving my changes.",technical_issue
"I'm not sure why I'm being charged for an extra user on my Tracksy subscription, can you please investigate",billing
"I've had it with Aviato's lack of transparency, it's like they're hiding something from their customers.",complaint
Is there a way to export my data from BloomCRM to use in other tools?,other
"I'm looking for a way to automate some of our sales workflows using Aviato, do you have any recommendations?",other
"I wish Aviato had a feature to automate data entry, that would save me so much time and reduce errors.",feature_request
"I'm trying to cancel my BloomCRM subscription but I'm being told I have to pay for the rest of the year, is that correct?",billing
"I was expecting a discount on my Tracksy subscription, but it didn't apply, can you look into this?",billing
"Can we get an option to change the layout of the dashboard in BloomCRM, the current one is a bit cluttered for my taste.",feature_request
"I need to update my billing address for Tracksy, where do I do this in the app?",billing
I'd like to request a demo of Tracksy to see if it's a good fit for my business,other
I've been using Aviato for a while now and I think it would be fantastic if you could add a feature to track customer interactions.,feature_request
Do you have any case studies or success stories from existing customers that I can review?,other
"Can you please provide more information on the security measures in place for BloomCRM, I have some concerns",other
"I'm trying to reactivate my Tracksy account but it's saying my payment method is invalid, can you help me with this?",billing
"Tracksy's lack of innovation is staggering, it's like the company is resting on its laurels and not investing in meaningful updates.",complaint
"I'm extremely dissatisfied with the overall performance of Aviato, it's been a letdown since we switched from BloomCRM.",complaint
"The UI for Tracksy is not working properly on my iPhone, the buttons are all misplaced and it's hard to navigate.",technical_issue
"I need to update my billing contact information, as the current person is no longer with our company.",billing
Can we get an option to export reports from BloomCRM in CSV format for easier analysis?,feature_request
What is the process for downgrading my Aviato subscription from premium to standard?,billing
"I'm extremely disappointed with the overall performance of Aviato, it's been a letdown since we switched from Tracksy.",complaint
"My company is tax exempt, how do I get the tax removed from my Aviato invoices?",billing
I've been using Tracksy for a while now and I'm curious to know what kind of resources are available for power users?,other
"I'm starting to regret choosing Aviato over other options, the experience has been underwhelming to say the least.",complaint
"The calendar integration in BloomCRM is not syncing properly with my Google Calendar, can you help me troubleshoot?",technical_issue
Can we get an option to export data from BloomCRM in a CSV format?,feature_request
"The BloomCRM plugin for Chrome is not working, it's not syncing my data and I'm getting an error message.",technical_issue
Can you tell me what the difference is between the Pro and Enterprise plans for Aviato?,other
Can you please add a feature to BloomCRM that allows me to create custom fields for my contacts?,feature_request
"Do you offer any discounts for non-profit organizations, I'm interested in using BloomCRM for our charity?",other
"I'm experiencing a weird bug in the BloomCRM mobile app, the login button is not responding to clicks.",technical_issue
I think it would be really helpful if Aviato had a built-in project template library.,feature_request
"I'm shocked at how unprofessional the company has been in handling my concerns, it's really unimpressive.",complaint
"The current search function in BloomCRM is really limited, can you improve it to include more filters and sorting options?",feature_request
"It would be great if Tracksy had a feature that allowed us to set up custom permissions, so we could control who can see and edit what.",feature_request
"I'm having trouble with the Aviato workflow builder, it's not saving my changes and is giving me a 'validation error' message.",technical_issue
"The Tracksy integration with BloomCRM is not syncing properly, it's causing discrepancies in our sales reports.",technical_issue
It would be great if Aviato could integrate with Google Calendar to schedule meetings directly from the app.,feature_request
"I wish Aviato had a more advanced reporting feature, something that would allow me to drill down into specific metrics.",feature_request
I wish Aviato had a feature to send automated reports to stakeholders on a weekly basis.,feature_request
Where can I find more information about your company's leadership team and their backgrounds?,other
"I wish BloomCRM had a mobile app, it's really inconvenient to use it only on desktop.",feature_request
"I've tried to get on board with Tracksy, but the lack of attention to detail in the design is really off-putting.",complaint
"I expect more from a company like yours, the subpar service quality of Aviato is not what I signed up for.",complaint
I wish Aviato would take some feedback from their customers and actually make some changes for once.,complaint
"I love the idea of BloomCRM, but the execution is just not there, it's been a disappointment so far.",complaint
"I'm trying to set up a new account and I'm having trouble finding the right plan for my business, can you help me?",other
"I'm trying to decide between Aviato and a competitor, can you provide some comparisons and recommendations?",other
I've been using Aviato for a few months now and I was wondering if there are any best practices for getting the most out of the platform?,other
"Can you please add a feature to Tracksy that allows me to duplicate projects, so I don't have to start from scratch each time?",feature_request
"I've been double charged for my Aviato subscription for the past two months, can you please look into this and refund the extra charges?",billing
"Can we get an option to bulk edit tasks in BloomCRM, it's taking me forever to update them one by one.",feature_request
"Who designed the Tracksy mobile app, because it's basically unusable.",complaint
Can you please explain the pricing difference between the standard and premium plans of BloomCRM?,billing
Does BloomCRM have a referral program in place for existing customers?,other
"I've been trying to cancel my subscription, but I'm still being charged, please help me resolve this issue",billing
"I love Tracksy, but the mobile app feels like an afterthought, it's so clunky and unresponsive, can you please improve it?",complaint
"I'm having trouble finding the career page on your website, can you please provide a link to it?",other
"Can someone help me understand how to set up a custom workflow in Aviato, I'm not sure where to start?",other
Where can I find more information about Tracksy's API and how to use it?,other
"I've been using BloomCRM for months now and I still can't believe how cluttered the dashboard is, it's overwhelming.",complaint
Can you help me find more information about the Tracksy mobile app and how it can be used on-the-go?,other
"I want to change my billing date to the 15th of each month, is this possible with Aviato?",billing
"I'm looking for a CRM that integrates with LinkedIn, does BloomCRM have this functionality?",other
"The 'Task Assignment' feature in Tracksy is not working, when I assign a task to a team member, it doesn't update correctly.",technical_issue
"The Tracksy web application is Slow to load, taking around 30 seconds to fully load, is this a known issue?",technical_issue
"Can you confirm if my Tracksy payment was successful, I didn't get a confirmation email",billing
Can you explain why I was charged $50 more than usual for my monthly Aviato subscription?,billing
"I'm hoping you can add a feature to Tracksy that allows me to export data to a CSV file, that would be a huge time saver.",feature_request
"The new update has made Aviato feel so bloated and slow, I miss the simplicity of the old version.",complaint
Can you provide a list of all the available features and modules in the latest version of BloomCRM?,other
"What's the best way to get started with Tracksy, I've just signed up for a free trial?",other
"I'm looking for a way to automate some tasks in Tracksy, are there any integrations or plugins available?",other
I'm trying to pay my Tracksy invoice but the payment page is giving me an error,billing
"I don't know what's going on with Tracksy, but it feels like you're prioritizing new features over fixing existing issues.",complaint
Can you provide me with some tips on how to get the most out of the Tracksy sales forecasting tool?,other
"I'm interested in learning more about your company culture and values, can you provide some information?",other
"I'm having trouble logging into Aviato, it keeps saying my password is incorrect even though I know it's right.",technical_issue
"I'm interested in exploring partnership opportunities with your company, who should I contact?",other
"I'm being charged for two separate Aviato subscriptions, can you please look into this and refund the extra charge?",billing
"I'm getting a 'Server Error' when trying to access the Aviato reporting feature, can you look into this ASAP?",technical_issue
Can you explain why I was charged $50 more than usual for my subscription to Aviato this month?,billing
"Can someone explain to me how the pricing works for your product, specifically in regards to user seats and storage",other
I'd love to see a feature in BloomCRM that allows us to set up automated email sequences based on customer behavior.,feature_request
"The BloomCRM search function is not working, it's not returning any results even though I know the contacts are in the system.",technical_issue
"I'm experiencing issues with the BloomCRM integration, it's not syncing my contacts properly.",technical_issue
"The integration between Tracksy and my Google Calendar is not syncing events correctly, can you look into this?",technical_issue
"It's really important for my business to have a feature to track customer complaints in Tracksy, can you please add this.",feature_request
"Is it possible to add a 'repeat task' feature in Aviato, so we don't have to recreate them every time?",feature_request
"I'm experiencing issues with the BloomCRM user management feature, it's not allowing me to add new users.",technical_issue
"The BloomCRM mobile app is crashing every time I try to open it, can you please fix this?",technical_issue
Can we get an option to set reminders for upcoming events in Tracksy?,feature_request
"I need to update my payment method, but I don't see the option to do so in my Tracksy account",billing
"I'm trying to find some documentation on how to use the API for BloomCRM, can you point me in the right direction?",other
"I'm looking for a SaaS product that integrates with Tracksy, can you recommend any compatible services?",other
"The 'Filter' function in Aviato's dashboard is not working as expected, it's not showing the correct results.",technical_issue
"I don't know what's going on with Aviato, but it feels like you're trying to squeeze every last penny out of your customers, it's really frustrating.",complaint
"The integration between Aviato and my email client is not working, emails are not being synced correctly.",technical_issue
"I'm looking for a career change and I'm interested in working at your company, what types of roles are available?",other
"Can you help me understand the pricing for BloomCRM, I'm not sure which plan I'm on or what the fees are.",billing
"I'm at my wit's end with BloomCRM, the lack of attention to detail and care for the customer experience is staggering.",complaint
"Aviato's customer support team seems to be uninformed about their own product, it's hard to get straight answers to simple questions.",complaint
"I'm at my wit's end with Tracksy, it's like you're intentionally trying to make it hard for me to get anything done.",complaint
"I just received an email saying my BloomCRM subscription is past due, but I could've sworn I paid it last week.",billing
"The UI on your website is really slow and unresponsive, making it hard for me to navigate and use the product.",technical_issue
"Can someone help me with setting up automatic payments for my BloomCRM subscription, I don't want to miss a payment",billing
It would be great if Aviato had a built-in calendar view for scheduling posts,feature_request
"I wish Aviato had a built-in calculator for estimating project costs, it would save me so much time.",feature_request
"I'm getting a 'username or password incorrect' error when trying to log in to Tracksy, but I know my credentials are correct.",technical_issue
"I need to change my billing date to the 15th of each month, is this possible with Aviato?",billing
"I just don't get why BloomCRM can't be more like other similar products, it's just so clunky.",complaint
"The Aviato dashboard is not updating in real-time, I have to refresh the page manually to see new data.",technical_issue
It would be really helpful if BloomCRM had a built-in knowledge base for customer support.,feature_request
"The analytics dashboard in BloomCRM is showing an error message 'no data available', but I know I have data in my account.",technical_issue
"When I try to log in to my Aviato account, I get a 'username or password incorrect' error, but I know my credentials are correct.",technical_issue
How do I export data from Aviato to use in external analytics tools?,other
"I think it would be helpful if Tracksy had a 'time tracking' feature, so we can see how much time is spent on tasks",feature_request
Why does Tracksy have so many unnecessary features that just slow down the whole app?,complaint
"I'd love to see a feature in Tracksy that allows us to set recurring tasks, so we don't have to create them manually every week.",feature_request
I'd like to request a demo of Tracksy to see if it's a good fit for our business needs,other
"It would be amazing if Aviato had a built-in time tracking feature, so we can see how much time we're spending on each project.",feature_request
Can you tell me more about the customer support options available for BloomCRM - what kind of help can I expect from your team?,other
It would be great if BloomCRM had a built-in phone system for making calls directly from the app.,feature_request
"I'm starting to think that BloomCRM is just resting on its laurels, the innovation has stopped.",complaint
"I'm experiencing issues with the Aviato file sharing feature, it's not generating the shared link as expected.",technical_issue
"I'm interested in learning more about Aviato's integration with BloomCRM, can someone reach out to me?",other
I'm trying to decide whether to use Aviato or another tool for our business - can you provide some pros and cons of each option?,other
"I love the idea of BloomCRM, but the user experience is really frustrating and I'm on the verge of canceling my subscription.",complaint
"I've been trying to pay my Tracksy bill for hours but the payment gateway is not working, can you help me with an alternative payment method?",billing
Can you tell me more about the different pricing plans available for BloomCRM and how to determine which one is right for my business?,other
"Is it possible to add a 'drag and drop' file upload feature to BloomCRM, it would make uploading documents so much easier.",feature_request
I'd like to know if there are any upcoming webinars or training sessions for Aviato that I can attend,other
"The Tracksy mobile app is crashing every time I try to log in, please help!",technical_issue
"The Tracksy iOS app is not syncing with the web app, data is not being updated.",technical_issue
"I've been trying to upload a file to BloomCRM for hours, but it keeps failing with a 'Server Error' message.",technical_issue
I'd like to request a demo of your product to see if it's a good fit for our company,other
"I've noticed that the Aviato dashboard is slow to load, can you optimize the performance?",technical_issue
"I've been using Aviato for a while now, and I was wondering if you offer any certification programs for power users?",other
"I'd love to see a feature in Aviato that allows me to create custom workflows, so I can automate repetitive tasks.",feature_request
"I need to change my billing date for BloomCRM, is this possible and how do I do it?",billing
"I'd like to know more about integrating Tracksy with BloomCRM, is there a webinar or tutorial available?",other
"I'm experiencing a weird bug in BloomCRM where contacts are being duplicated, can you look into this?",technical_issue
"I love using BloomCRM, but I was wondering if you have any plans to expand into the Asian market?",other
"I'm interested in learning more about your company culture, do you have any job openings available?",other
"I'm trying to find the Aviato user manual, can you please provide a link?",other
It would be great if Aviato had a 'single sign-on' feature for easier login.,feature_request
I'd love to see a feature in Aviato that allows me to track team performance metrics.,feature_request
"I've been trying to upload a file to Aviato, but it keeps failing with a 'server error' message.",technical_issue
Is it possible to add a 'drag and drop' feature for uploading files in BloomCRM?,feature_request
Can you please clarify the difference between the 'Pro' and 'Enterprise' plans for BloomCRM?,other
"I'm experiencing issues with the Aviato desktop app, it's not launching and I'm getting a crash report.",technical_issue
"I love the idea of Tracksy, but the user experience is really frustrating and cluttered, can you do something about it?",complaint
"I'm looking for a way to create custom reports in Aviato, can you point me in the right direction?",other
Is it possible to add a 'repeat task' option in Tasksy so we don't have to recreate recurring tasks every week?,feature_request
"I'm trying to integrate Aviato with BloomCRM, can you provide some guidance on how to do this?",other
I'd love to get some feedback on our company's sales strategy and see if BloomCRM can help us improve it,other
"The Tracksy mobile app is not updating in real-time, it's taking hours for changes to sync.",technical_issue
"I need to change my billing date for Tracksy to the 15th of each month, is this possible?",billing
"The search function in BloomCRM is not working, it's not returning any results even though I know the contacts are in the system.",technical_issue
I'd like to request a demo of BloomCRM to see if it's a good fit for our business - can someone contact me to schedule a time?,other
"I was expecting a more personalized experience with Tracksy, but it feels like we're just another faceless customer, very disappointing.",complaint
"I've been a loyal customer of BloomCRM for years, but lately, the service has been really underwhelming.",complaint
"The BloomCRM calendar is not syncing with my Google Calendar, can you help me resolve this?",technical_issue
"Can you send me a copy of my latest invoice for BloomCRM, I need it for my records",billing
"I'm getting a 'sync failed' error when trying to connect my Google Drive to Aviato, please assist.",technical_issue
"I'm really disappointed in the lack of transparency from the company, it's like you're hiding something from us.",complaint
I'm looking for some guidance on how to use Tracksy to track our sales pipeline - are there any tutorials or webinars available?,other
"The UI for the new Aviato dashboard is not loading properly, it's just a blank screen.",technical_issue
"My team is experiencing issues with the Tracksy mobile app, it crashes every time we try to access the project dashboard.",technical_issue
"I'd love to see a new integration with Tracksy and Slack, that would make communication with my team so much easier.",feature_request
"The BloomCRM email template editor is not working, it's not allowing me to save changes or add new templates.",technical_issue
"I'm getting an 'invalid credentials' error when trying to log in to Tracksy, but I know my password is correct.",technical_issue
"I want to downgrade my plan in Tracksy but I'm not sure how it will affect my billing, can you advise?",billing
I think it would be awesome if Aviato had a mobile app for on-the-go access to our project management dashboard.,feature_request
"I'm trying to upgrade my Aviato subscription, but the website is saying I have an outstanding balance, even though I just paid my invoice",billing
"The Tracksy integration with Google Calendar is not working, events are not syncing correctly, can you look into this?",technical_issue
"I'm experiencing issues with the Tracksy notification system, I'm not receiving any notifications even though I've set them up correctly.",technical_issue
"I think it would be really helpful if BloomCRM had a feature that allowed us to set up customer segmentation, based on behavior and demographics.",feature_request
"The onboarding process for new employees on our Tracksy account has been a nightmare, can we get some help?",complaint
"I'm being charged for a feature in Aviato that I don't use, can I get a refund or downgrade my subscription?",billing
"I love the idea of Tracksy, but the execution is just not there, it's like you're trying to be too many things at once.",complaint
Can we get an option to export reports in CSV format from Aviato?,feature_request
"I'm not sure what's going on with Tracksy, but the overall vibe of the product feels really unpolished and unprofessional.",complaint
"The Tracksy mobile app is crashing when I try to access the task list, can you provide an update or patch to fix this issue?",technical_issue
"Aviato's user management is not working, I'm unable to add or remove users from my team.",technical_issue
"I'm trying to update my payment method in BloomCRM but it's not letting me, can you help?",billing
"I'm really disappointed in the direction that Tracksy is headed, it feels like you're abandoning your core values and mission.",complaint
Where can I find more information about the Aviato API and how to use it to integrate with my own app?,other
Can you add a feature to BloomCRM that allows us to personalize email templates with customer names and company logos?,feature_request
"Can someone assist me with changing my billing date for Aviato, I need it to be on the 15th of each month instead of the 1st",billing
"I've been trying to pay my invoice for BloomCRM but the payment keeps failing, what's going on?",billing
Can you explain why I was charged $50 more than usual this month for my BloomCRM subscription?,billing
Can you please add a ' Gamification' feature to Tracksy to encourage team engagement?,feature_request
"Can you confirm if my Aviato subscription is still active, I haven't received any emails or updates recently?",billing
"I've been trying to cancel my BloomCRM subscription for weeks but I'm still being charged, please assist me",billing
I think it would be really useful if BloomCRM had a built-in reporting tool that could generate insights on customer engagement.,feature_request
"I'm being charged for two separate subscriptions to Tracksy, can you merge them into one account?",billing
"I don't understand why Aviato can't seem to get the basics right, it's not that hard to provide a decent user experience.",complaint
"I was double charged for my Tracksy subscription this month, can you please refund the extra payment?",billing
"Can you please confirm if my payment for Aviato was successful, I haven't received a confirmation email yet?",billing
"It would be really helpful if BloomCRM had a mobile app, I'm always on the go and need to access client info quickly.",feature_request
"I'm trying to figure out how to use the new Aviato dashboard, can someone provide a tutorial or guide?",other
"It would be great if Aviato had a built-in task assignment feature, that would make it easier to delegate work to my team.",feature_request
"It's really frustrating that I have to manually update customer information in BloomCRM, can you add an auto-update feature?",feature_request
"I've tried to like BloomCRM, I really have, but it's just too frustrating to use on a daily basis.",complaint
"I wish Tracksy had a mobile app, it's really hard to use on my phone's browser.",feature_request
"I was really excited to start using Tracksy, but the more I use it, the more I realize it's just not for me, it's too complicated.",complaint
"I'm not sure what's going on with BloomCRM, but it feels like the company is just trying to make a quick buck off its customers.",complaint
"I'm wondering if you could add a feature to Aviato that allows me to duplicate entire projects, that would save me so much time.",feature_request
"I feel like I've been misled about what Aviato can do, it's just not living up to the hype.",complaint
"BloomCRM is supposed to make my job easier, but so far it's just been a source of stress and anxiety.",complaint
"I'm trying to upgrade my BloomCRM plan, but the payment page is saying my credit card is declined, even though I just used it yesterday",billing
"I'm having trouble logging into Aviato, it just keeps saying my password is incorrect even though I know it's right.",technical_issue
"I'm really disappointed in the lack of transparency from the BloomCRM team, it's hard to trust the company.",complaint
I'm trying to learn more about the best practices for using Tracksy to manage our team's tasks and projects - are there any resources available?,other
"What is the billing cycle for Tracksy, is it monthly or annually?",billing
"I've been charged for a feature in Aviato that I don't use, can I get a refund for this?",billing
"Are there any resources available for learning more about Tracksy, such as webinars or tutorials?",other
"The onboarding process for new users in Aviato is really poorly designed, I had to figure everything out on my own.",complaint
"I'm not sure what's going on with BloomCRM, but it just feels like it's not designed for a business of our size, too many unnecessary features.",complaint
Are there any plans to expand the features of Tracksy to include more project management tools?,other
"I'm really frustrated with the lack of transparency around Tracksy's roadmap and future plans, it's hard to plan for the future.",complaint
"I wish BloomCRM had a mobile app, it would make it so much easier to manage my contacts on the go.",feature_request
Are there any upcoming webinars or training sessions for BloomCRM that I can attend?,other
"I'd like to request a refund for the last month of BloomCRM, as I didn't use the service, can this be processed?",billing
"I'd like to request some information on the Tracksy API, I'm interested in integrating it with my own application.",other
Is it possible to add a feature to export data from Aviato into CSV files?,feature_request
"What are the system requirements for running Tracksy, I want to make sure my hardware is compatible?",other
"Can you tell me why my Aviato subscription was put on hold due to a payment issue, I thought I had enough funds",billing
"I'm interested in learning more about your company's history and mission, can you share some information?",other
"I'm being charged for additional features on BloomCRM that I don't use, can I remove them?",billing
"I don't understand why Tracksy can't seem to get the little things right, it's frustrating to deal with.",complaint
Do you have a sandbox environment where I can test and play around with BloomCRM's features?,other
"I don't know how much more of Tracksy I can take, the frustration is really getting to me.",complaint
"I'm being charged for a feature I don't use in Tracksy, can I get a refund or downgrade my plan?",billing
I've been charged twice for my Aviato subscription and I'd like a refund for the extra charge as soon as possible.,billing
"I need to add a new payment method for my Tracksy subscription, how do I do that?",billing
"I love the idea of Tracksy, but the constant updates and changes are giving me whiplash, can't you just leave it alone for a bit?",complaint
"I'm being charged tax on my subscription to BloomCRM, but I'm tax exempt, can you please adjust my billing accordingly?",billing
"The Aviato login page is not loading, it's just a spinning wheel, please help!",technical_issue
"I've been using Aviato for a while now and I really wish there was an option to customize the notification emails, they're really generic.",feature_request
"It would be great if Aviato had a feature to create custom workflows, so we can tailor the platform to our business needs.",feature_request
"The Aviato website is not responding, I've tried accessing it from different browsers and devices but it's still down.",technical_issue
"Can't access the reporting feature in Tracksy, it says 'access denied' even though I'm an admin.",technical_issue
"I wish there was a way to customize the notification settings in Aviato, I'm getting too many emails.",feature_request
What is the best way to get in touch with the Aviato team for general questions and inquiries?,other
I'm interested in learning more about the potential for custom development and integration with Tracksy - can I schedule a call to discuss further?,other
I wish BloomCRM had an integration with Google Drive for easier file sharing,feature_request
"I'm trying to decide between Aviato and a competitor, can you help me understand what sets your product apart?",other
"Can you please help me understand the data retention policies for Aviato, I have some compliance questions",other
"The Tracksy automated reporting feature is not sending emails as scheduled, can you help me troubleshoot the issue?",technical_issue
"I've been charged for a full year of BloomCRM, but I only wanted to sign up for a month, can you please refund the difference",billing
"I've tried to get on board with Aviato, but the onboarding process is so confusing, I just can't seem to get started.",complaint
"I'm trying to implement Tracksy into my business, but I need some guidance on how to get started, can someone help me?",other
"I'm trying to update my payment method in BloomCRM, but it's not accepting my new credit card info, can you help?",billing
"The communication from the Aviato team has been sparse and unhelpful, we need more guidance.",complaint
"I'm looking for some best practices on how to use your product to improve our sales workflow, can you provide some resources?",other
"I'm experiencing issues with the Aviato search function, it's not returning the correct results, can you assist me with this?",technical_issue
"I'm extremely disappointed with the overall performance of Aviato, it's been a letdown since we switched from Tracksy.",complaint
"It would be great if Aviato had a feature to automate email follow-ups, that would save me so much time.",feature_request
"I'm extremely dissatisfied with the overall performance of Aviato, it's been a letdown since we signed up.",complaint
"I've had it up to here with BloomCRM, the constant bugs and glitches are just the tip of the iceberg, the real problem is the poor design.",complaint
"The Aviato dashboard is not loading properly, it's just a blank page with a spinning wheel.",technical_issue
Can you please add a 'dark mode' option to the Aviato interface?,feature_request
"I'm trying to update my payment method in BloomCRM but it's not accepting my new credit card, can you help?",billing
The ability to set custom reminders in Tracksy would be a game-changer for our team.,feature_request
"I'm concerned that Tracksy is not taking customer feedback seriously, my suggestions have been ignored for months.",complaint
"I've been using BloomCRM for months now and I still can't get used to the navigation, it's just not intuitive.",complaint
"When I try to create a new project in Tracksy, I get a 'database connection error' message, please help.",technical_issue
"I'm having trouble with the Tracksy data import feature, it's not recognizing the CSV file format.",technical_issue
"I don't know how much more of this I can take, Tracksy is just causing more problems than it's solving, it's really frustrating.",complaint
"I'd like to inquire about potential partnership opportunities with your company, specifically regarding Tracksy integration",other
The new update to Aviato has made the platform feel even more cluttered and confusing.,complaint
"I'm extremely dissatisfied with the direction BloomCRM is headed, it's like you're abandoning your core values.",complaint
"It would be great if Tracksy had a feature that allowed us to set up recurring tasks, that way we could automate routine work.",feature_request
"Tracksy's calendar integration is not working for me, I've tried reinstalling the plugin but nothing seems to work.",technical_issue
"I'm shocked at how unhelpful the Tracksy onboarding process was, it's like you guys don't care about new customers.",complaint
"I'm trying to upload a file to Aviato, but it's not working and I'm getting a 'file type not supported' error.",technical_issue
"I'm getting an error when trying to pay my Aviato invoice, can you look into this?",billing
"The BloomCRM mobile app keeps crashing every time I try to sync my contacts, please assist ASAP.",technical_issue
"I'm worried that Aviato is becoming too bloated and complex, can we please get back to the simplicity that made it great in the first place?",complaint
"I'm looking for a CRM that integrates with Tracksy, can you recommend any options?",other
"I've been charged for a year's subscription to Aviato, but I only wanted to pay monthly, can you please refund me the difference?",billing
How do I get a copy of my previous invoices for BloomCRM?,billing
"The BloomCRM opportunity pipeline is not displaying the correct data, it's showing outdated information and missing some key deals.",technical_issue
"I'm trying to decide between your product and a competitor, can you provide some comparison information?",other
"I've been charged twice for my Aviato subscription this month, can you please look into this and refund the extra charge?",billing
"Are there any user groups or communities for Aviato users, I'd love to connect with other customers",other
Can you please explain the pricing difference between the basic and premium plans for BloomCRM?,billing
"I was charged twice for the same month of Aviato, can you please look into this?",billing
"I just got a notification that my payment for BloomCRM failed, but I know I have enough money in my account, can you look into this?",billing
"I need help finding the right Aviato plan for my business, can you help me compare the different options?",other
Who can I contact for more information on custom implementation and onboarding for Aviato?,other
"It's really frustrating that I have to manually export data from Aviato every week, can you add a scheduling feature?",feature_request
"Can you help me understand the pricing for Aviato's premium features, I'm not sure what I'm being charged for",billing
"Aviato's filter function is not working as expected, it's not filtering out the correct results.",technical_issue
"It's really important for our business to have a feature to track customer interactions in BloomCRM, can you prioritize this?",feature_request
"I need to change my payment method to a different credit card for my Aviato subscription, how do I do this?",billing
"I'm so fed up with the constant 'update available' notifications on BloomCRM, can't you just make it automatic?",complaint
"I'd like to know if it's possible to use Aviato for personal projects, or if it's only meant for businesses?",other
"My company uses a purchase order system, how do I set this up for our BloomCRM account?",billing
I'd love to see a feature in Tasksy that allows us to assign tasks to multiple team members at once.,feature_request
"I'm so frustrated with the lack of empathy and understanding from your team, Aviato, it feels like you're not taking our concerns seriously.",complaint
"The Aviato dashboard is slow to load and often times out, can you please optimize the performance?",technical_issue
"I wish Tracksy had a feature to integrate with our Slack channel, so we can get notifications and updates in real-time.",feature_request
I'm interested in learning more about the BloomCRM customer support team and what kind of resources are available,other
"I'm being charged for two separate Aviato subscriptions, can you please help me cancel one of them?",billing
"I've been trying to use the new reporting feature in Aviato, but I keep getting an error message saying ' unable to generate report'.",technical_issue
What are the requirements for becoming a certified Aviato partner?,other
"I think it would be really useful if Aviato had a knowledge base or wiki feature, that would make it easier to share information with my team.",feature_request
What's the process for becoming a certified partner or reseller of Tracksy?,other
"I'm starting to regret choosing Aviato, the customer support has been subpar and unhelpful.",complaint
Is it possible to add a recurring payment option to the invoice feature in Aviato?,feature_request
"The Tracksy dashboard is not loading for me, I've tried refreshing and clearing my cache but nothing works.",technical_issue
Can I get a detailed breakdown of the charges on my last BloomCRM invoice?,billing
"I need to add another user to my Aviato account, will this change my billing cycle?",billing
"Is there any way to add a time-tracking feature to Aviato, so I can see how much time my team is spending on each project?",feature_request
"I'd like to pay my BloomCRM invoice over the phone, is this an option?",billing
"I'd love to learn more about the team behind Aviato, can you share some company history?",other
Are there any plans to expand the BloomCRM mobile app to include more features from the web version?,other
"I don't understand why you're prioritizing new features over fixing the existing issues with Tracksy, it feels like you're not listening to your customers.",complaint
"I've been experiencing intermittent errors with Aviato's payment processing, can you investigate?",technical_issue
"I've been trying to integrate Mailchimp with BloomCRM but it's not working, getting a 'connection timeout' error.",technical_issue
"I'm interested in integrating Aviato with my existing CRM system, do you have any documentation on how to do this?",other
"The overall user experience of Aviato is just not what I expected, it's been a letdown.",complaint
"I'm fed up with the whole Aviato experience, it's like you're not even trying to make it user-friendly.",complaint
"I'd love to see a new report type in Tracksy that shows customer engagement metrics, can you make that happen?",feature_request
"I'm trying to upgrade to the premium plan of Aviato but the payment isn't going through, can you help me?",billing
"The Tracksy file upload limit is not working, it's allowing files that are too large to be uploaded.",technical_issue
"I've noticed that Aviato's updates often cause more problems than they solve, it's like you're not testing them thoroughly before release.",complaint
I'd like to learn more about the BloomCRM API and how I can use it to integrate with my own applications,other
"It would be great if Tracksy had a calendar view option, so I can see all my tasks and deadlines in one place.",feature_request
"I've had it with BloomCRM's constant 'updates' that never seem to fix anything, just make things worse.",complaint
"I'm fed up with the Aviato support team, they never seem to take my issues seriously.",complaint
Can you explain the difference between the various subscription plans you offer for Aviato?,other
It would be so helpful if Tracksy had a reporting feature that could give me insights on my team's performance.,feature_request
"I'm receiving an error message when trying to pay my invoice for Tracksy, can you please help me resolve this?",billing
I think Aviato should have a collaboration tool that allows multiple users to edit documents simultaneously.,feature_request
"Aviato's search function is not working, it's not returning any results even when I search for exact names.",technical_issue
I was supposed to get a refund for my cancelled Tracksy subscription but I haven't received it yet,billing
"I want to put my Tracksy subscription on hold for a few months, will I still be charged during this time?",billing
Can you please explain why my Aviato subscription was put on hold due to a payment issue?,billing
"The onboarding process for BloomCRM was a joke, I had to figure everything out myself and it took way too long.",complaint
"The Tracksy mobile app keeps crashing when I try to log in, I've tried restarting my phone but the issue persists.",technical_issue
"I've noticed that the BloomCRM plugin for Chrome is causing my browser to freeze, can you investigate this issue?",technical_issue
"Can you please add a feature to Aviato that allows us to set up automatic reminders, that way we can stay on top of deadlines?",feature_request
"I'm trying to integrate BloomCRM with my website, but the API keys are not working.",technical_issue
"Aviato's dashboard is not loading for me, just a blank page with a loading icon that never stops.",technical_issue
"I'm extremely disappointed with the overall feel of Aviato, it's just not what I expected when I signed up.",complaint
Can you explain why I was charged $50 more than my usual subscription fee for Aviato this month?,billing
"I've had a payment fail for my BloomCRM subscription, can you try processing it again?",billing
"I'm experiencing issues with the UI on BloomCRM, the buttons and menus are not responding to clicks.",technical_issue
"It's really important that we get a feature to set up custom permissions in Aviato, can you prioritize that?",feature_request
"I need to add a new payment method to my Aviato account, but I'm not seeing the option to do so",billing
"I've been patient with Tracksy, but the lack of progress is alarming, it's like you're not listening to feedback.",complaint
"The Tracksy reporting dashboard is showing incorrect data, can you investigate this discrepancy?",technical_issue
"I'm fed up with the lack of transparency regarding Tracksy's downtime and maintenance schedules, it's affecting my business.",complaint
"I'm trying to find a SaaS product that offers a free trial, does Aviato have one?",other
"The BloomCRM reporting feature is not generating reports, it just says 'no data available'.",technical_issue
Can you explain the pricing difference between the basic and premium plans for Aviato?,billing
"I'm trying to find a way to customize the dashboard in Aviato, can you point me in the right direction?",other
"I'd love to see a feature in Aviato that allows us to create custom reports, so we can analyze our project data in more detail.",feature_request
"When I try to export data from Aviato, I get a 'failed to generate report' error, can you help me with this?",technical_issue
"I've set up the integration between Tracksy and BloomCRM, but the data is not syncing correctly, can you help me troubleshoot?",technical_issue
"I'm looking for a partner to help me implement BloomCRM, can you recommend any reputable companies?",other
"The Aviato API is returning a '401 Unauthorized' error, even though I've verified my API key.",technical_issue
"I wish Aviato had a customizable dashboard, it would be great if we could add our own widgets and layout.",feature_request
"I feel like I'm being nickel and dimed with BloomCRM, it's just too expensive for what it is.",complaint
Can you tell me more about the company's approach to data security and compliance with regards to Tracksy?,other
Does Aviato have a community forum or support group for users to connect and share tips?,other
"I think there's been a mistake with my Tracksy billing, I was charged for the wrong plan, can you fix this?",billing
"BloomCRM's autocomplete feature for contact names is not working, it's not suggesting any names.",technical_issue
"BloomCRM's tutorials are unclear and don't provide enough guidance for new users, I've had to figure everything out on my own.",complaint
"Aviato's customer support has been really unhelpful so far, I'm starting to feel like I'm on my own.",complaint
Is it possible to integrate Tracksy with our existing Slack channel for real-time updates?,feature_request
"I'd like to request a detailed breakdown of the charges on my Tracksy invoice, as I'm not sure what some of the line items are for",billing
"In Aviato, the 'Export to CSV' feature is not working, it just gives me a blank file, can you fix this?",technical_issue
"I wish Aviato had a built-in calendar view for scheduling tasks, it would make my workflow so much easier.",feature_request
"I've been trying to integrate Aviato with our Google Drive account, but it keeps failing with a 'connection timeout' error.",technical_issue
I've been using BloomCRM for a while now and I was wondering if there's a way to customize the dashboard to fit my team's needs?,other
"I'm having trouble with the Aviato mobile app, it crashes every time I try to open it.",technical_issue
"I need a detailed breakdown of my BloomCRM subscription costs, can you please provide me with an invoice",billing
"Aviato's customer support has been really unhelpful so far, I've been waiting for days to get a simple question answered.",complaint
"The onboarding process for BloomCRM was a joke, we were left to figure everything out on our own, very frustrating.",complaint
"The BloomCRM dashboard is displaying incorrect data, it's showing old information even though I've updated it, can you help me fix this?",technical_issue
"I wish BloomCRM had a built-in phone system, it would make it so much easier to make calls to clients.",feature_request
"How do I update my payment method for BloomCRM, I've tried going through the settings but it's not working",billing
"I'm looking for a way to automate some tasks in BloomCRM, are there any integrations or tools that can help?",other
"The Aviato data export feature is not working, it's just generating a blank CSV file.",technical_issue
"In Aviato, the 'Chart View' is not displaying correctly, it's showing a blank screen, can you fix this issue?",technical_issue
"I'm frustrated with the direction Aviato is headed, it's like you're abandoning your core user base.",complaint
I've been using Aviato for a while now and I'm curious to know what kind of career growth opportunities are available within the company?,other
"I feel like I've been misled about the capabilities of BloomCRM, it's not delivering on the promises made during the sales pitch.",complaint
"The 'Create New Project' button in Aviato is greyed out and I'm not sure why, can you assist me with this issue?",technical_issue
Can you please send me a copy of my invoice for BloomCRM for my records?,billing
Can you add a feature to BloomCRM to allow multiple users to collaborate on a single task?,feature_request
"I'm loving Tracksy so far, but I think it would be amazing if you could integrate it with Google Calendar.",feature_request
"It would be great if Tracksy had a feature to integrate with our existing customer support tool, Zendesk.",feature_request
"I've been trying to log in to Aviato for hours but it keeps saying my password is incorrect, even though I've reset it multiple times.",technical_issue
"I'm being charged for a feature in BloomCRM that I don't use, can I get a refund or switch to a different plan?",billing
"Can you add a feature to Aviato that allows me to @mention team members in comments, that would be super helpful.",feature_request
"I've been charged twice for my Aviato subscription this month, can you please look into this and refund the extra charge?",billing
"I'd like to learn more about the different roles and responsibilities within your company, can you share some information?",other
"I'm getting a '404 not found' error when trying to access the Aviato API documentation, can you fix this?",technical_issue
"Every time I try to upload a file to Aviato, I get a 'server error' message, what's going on?",technical_issue
"Can you please add a feature to BloomCRM that allows me to create custom email templates, so I can save time and effort?",feature_request
"Can you tell me more about the Tracksy integration with Google Drive, I'm having trouble finding the settings?",other
How do I get a refund for my Tracksy subscription if I'm not satisfied with the service?,billing
"It would be great if Tracksy had a feature to set up recurring tasks, can you add that to the next update?",feature_request
"How do I add a new payment method for my BloomCRM account, I've tried but it's not working",billing
"Error message 'invalid token' when trying to login to Tracksy, I've tried clearing cookies and cache.",technical_issue
Can someone from the Aviato team provide some guidance on how to optimize my workflow using the tool?,other
"The search function in Tracksy is not working, it's not returning any results even though I know the data is there.",technical_issue
"Can you please confirm if my subscription to Aviato is still active, I haven't received any emails or notifications recently?",billing
"Aviato's reporting features are really lacking, I need to be able to get more detailed insights into our team's performance.",complaint
"I'm trying to cancel my Tracksy subscription, but the website says I have an outstanding balance, what's going on?",billing
"I've been using Tracksy for months now and I still can't get used to the clunky interface, it's really frustrating.",complaint
"I'm extremely disappointed with the overall user experience of Aviato, it's been a nightmare to navigate and find what I need.",complaint
"I think a great addition to Tracksy would be a project management tool, that would make it a one-stop shop for me.",feature_request
"I'd love to see a 'task assignment' feature in Tracksy, similar to what's available in Trello",feature_request
"I've been a loyal customer of Tracksy for years, but the recent changes have made me question my loyalty, it's just not the same product anymore.",complaint
Can you please add a feature to Tasksy that allows us to set priorities for tasks based on their urgency and importance?,feature_request
"Why did my subscription to Tracksy automatically renew, I thought I had cancelled it?",billing
The ability to track website visits and interactions in Aviato would be incredibly valuable.,feature_request
"I'm at my wit's end with Aviato, the lack of attention to detail is staggering, it's like you're not even trying.",complaint
Can you please add a 'mark as unread' option for messages in Tracksy?,feature_request
"I'm having trouble with the email template editor in BloomCRM, it's not saving my changes.",technical_issue
"I've been using BloomCRM for months now and I have to say, the user experience is really underwhelming, it's so slow and clunky.",complaint
"Can I get a refund for the past month, I forgot to cancel my Tracksy subscription before the billing date",billing
"I need a copy of my receipt for my BloomCRM subscription for tax purposes, can you please send it to me?",billing
"It's really frustrating that I have to use a third-party tool to sync data between BloomCRM and our website, can you integrate this natively?",feature_request
"I need to change my billing date for Tracksy to the 15th of each month, how can I do that?",billing
"I'm being charged for two subscriptions to Aviato, can you please help me cancel one of them?",billing
Can someone explain to me how to customize the dashboard in Aviato to fit our team's needs?,other
"I'm getting a bit tired of the constant 'loading' screens on Aviato, it's like you're not investing in your infrastructure.",complaint
"I'm interested in potentially partnering with your company, who should I reach out to?",other
"It's really important for our business to have a customizable reporting feature in Aviato, can this be added?",feature_request
"How do I access my past invoices for Aviato, I need them for tax purposes.",billing
"I wish BloomCRM had a feature to automate tasks based on specific triggers, that would save me a lot of time.",feature_request
"I've been a customer of Aviato for a long time, but the recent changes have made me realize that it's just not the right fit for me.",complaint
"I've been using Tracksy for a while now, and I have to say, the overall experience has been really underwhelming, it's just not what I expected.",complaint
"I'm trying to sign up for a free trial of Aviato, but it's asking me for payment information, is this correct?",billing
"Can you tell me more about the career opportunities available at your company, I'm interested in the sales team",other
"Can you tell me more about the career opportunities available at Aviato, specifically in the marketing department?",other
"I need to update my billing address in BloomCRM, how do I do this?",billing
I'd love to see an integration with Google Drive in Aviato for seamless file sharing.,feature_request
Can you add a feature to BloomCRM that allows us to set up custom fields for customer profiles?,feature_request
"I'm on the verge of cancelling my subscription to Tracksy, the overall experience has been really disappointing.",complaint
I think it would be really helpful if Aviato had a feature to automatically assign tasks to team members based on their workload.,feature_request
"Can you send me an invoice for my Tracksy subscription for the past year, I need it for tax purposes",billing
It would be great if Aviato had a feature to automatically assign tasks to team members based on their workload.,feature_request
"The UI for the new feature in Aviato is not rendering properly, the buttons and menus are overlapping and it's unusable.",technical_issue
I've been hearing great things about Aviato and I'm interested in learning more about the company history and mission.,other
"I love the idea of BloomCRM, but the user experience is really clunky and unintuitive, can you guys do something about it?",complaint
"The BloomCRM search function is not working as expected, it's returning irrelevant results and missing some key contacts.",technical_issue
"Every time I try to upload a file to Tracksy, I get a 'server error' message, what's going on?",technical_issue
Can you please add a feature to Aviato to allow multiple users to collaborate on a project at the same time.,feature_request
I was wondering if you could add a feature to Aviato that allows us to assign tasks to multiple people at once?,feature_request
"I wish there was a way to set up a knowledge base in Aviato, so we could document our processes and procedures.",feature_request
"I've tried to give BloomCRM a chance but honestly, the more I use it, the more frustrated I get with the lack of attention to detail.",complaint
What are the system requirements for running BloomCRM on a local server?,other
"I think it would be really helpful if BloomCRM had a feature to create teams and assign roles, so I can control who has access to what.",feature_request
Can we get an option to customize the layout of the dashboard in Aviato to fit our team's specific needs?,feature_request
"I'm starting to regret investing in Tracksy, the workflow is so clunky and unintuitive, it's hindering our team's productivity.",complaint
"TheTracksy mobile app is really slow and keeps crashing, it's making it hard to use on the go.",complaint
It would be amazing if Aviato had a 'prediction analytics' feature to forecast sales trends.,feature_request
"I need to add a new payment method for my BloomCRM subscription, can you walk me through the process?",billing
"The lack of consistency in BloomCRM's design is jarring and makes it difficult to use, it feels like different parts of the app were made by different teams.",complaint
"I'm trying to evaluate the total cost of ownership for BloomCRM, can you provide some guidance on what to consider?",other
"BloomCRM's onboarding process is really overwhelming, I feel like I'm drinking from a firehose and can't keep up.",complaint
"I'm extremely dissatisfied with the level of service I've received from Aviato, it's been a nightmare.",complaint
"I'm experiencing a weird issue in Tracksy where tasks are being assigned to the wrong team members, can you look into this?",technical_issue
"The BloomCRM plugin for Chrome is causing my browser to freeze, can you provide an update?",technical_issue
How do I apply a coupon code to my Aviato subscription?,billing
Is there a way to change the language settings in Tracksy to better support our international team?,other
"I'm so tired of the empty promises from BloomCRM, it's time to deliver on some real changes.",complaint
I think it would be really useful if Aviato had a feature to set different permission levels for users.,feature_request
It would be great if Aviato had a feature to automate email follow-ups for pending tasks.,feature_request
"I've noticed that the Tracksy mobile app is not updating in real-time, there's a delay of several hours.",technical_issue
"I'm being charged for two separate Aviato subscriptions, can you please look into this and refund the duplicate payment?",billing
"I want to upgrade my Aviato plan, but I don't want to be charged the prorated amount, can I just pay the full new price?",billing
"I've tried to give Aviato the benefit of the doubt, but it's clear that they're not invested in their customers' satisfaction.",complaint
"I've been using BloomCRM for years and it's just gotten more and more bloated, can you please simplify things?",complaint
"I'm having trouble logging into my Aviato account, it keeps saying my password is incorrect even though I know it's right.",technical_issue
I think it would be beneficial if BloomCRM had a mobile app for on-the-go access,feature_request
"Can you send me a receipt for my last Aviato payment, I need it for expense reporting purposes.",billing
How do I reset my password for the BloomCRM mobile app?,other
"It's really important for my business to have a recurring payment option in Aviato, can you please add this feature ASAP.",feature_request
"The Tracksy mobile app is not sending push notifications, even though I have them enabled in the settings.",technical_issue
"I was really excited to start using Aviato, but the more I use it, the more I realize it's just not for us.",complaint
"I'm so over the constant 'we're improving' emails from BloomCRM, can't you just focus on making the product better instead of marketing it?",complaint
"I wish there was a way to set up custom notification alerts in BloomCRM, so we can stay on top of important updates.",feature_request
"Integrating Zoom with BloomCRM is not working, it's saying 'authentication failed'.",technical_issue
"I'm shocked at how unresponsive the company has been to my concerns, it's like you don't care about your customers.",complaint
"The Tracksy webhooks are not triggering as expected, it's causing issues with our automated workflows.",technical_issue
"I'm trying to understand how Aviato's pricing plan works, can someone explain it to me?",other
"What's the process for changing my billing date for Tracksy, I need it to be on the 15th of each month.",billing
I'm interested in learning more about the Tracksy mobile app and how it can be used for field sales teams,other
Can you explain why I was charged $100 for Aviato when the website says it's $80/month?,billing
"Can you please add a feature to Aviato that allows us to duplicate projects, it would save us so much time?",feature_request
"I'm trying to cancel my subscription but the button is not working, can you please assist me with the cancellation and refund?",billing
I'm getting a 'rate limit exceeded' error when trying to make API calls to Aviato.,technical_issue
"I've already cancelled my subscription, but I'm still receiving invoices from BloomCRM, please stop sending them",billing
"I think it would be really helpful if Tracksy had a feature to set task dependencies, so we can see how different tasks are related.",feature_request
"The more I use Tracksy, the more I realize that it's just not the right fit for my business, and that's really disappointing.",complaint
How do I update my payment method for my monthly Aviato subscription?,billing
"I'm disappointed in the overall value proposition of Tracksy, it's not living up to the promises made during the sales pitch.",complaint
"The BloomCRM dashboard is displaying incorrect data, the numbers don't match what I see in my reports.",technical_issue
I'm experiencing a weird bug in Aviato where the navigation menu disappears after I click on a project.,technical_issue
"Can I get some information on the Tracksy affiliate program, I'm interested in promoting your product to my audience?",other
"I'm getting a 'server error' message when trying to access the Aviato dashboard, can you help me resolve this issue?",technical_issue
"The UI of BloomCRM is just so outdated and clunky, it's like you're not even trying to keep up with modern design standards.",complaint
Can someone from the Tracksy team reach out to me about potential partnership opportunities?,other
"I need to remove a user from my Tracksy account, will this affect my billing?",billing
"How do I get a copy of my BloomCRM invoice from last month, I need it for tax purposes",billing
"I've tried to give Aviato a chance, but every time I log in, I feel like I'm fighting with the interface.",complaint
How do I customize the dashboard in Tracksy to display only the metrics I need?,other
"I think it would be really useful if BloomCRM had a feature to track client interactions, such as phone calls and meetings.",feature_request
"I'm experiencing issues with the Aviato file uploader, it's not handling large files correctly.",technical_issue
Can you provide a detailed breakdown of the charges on my latest invoice for Aviato?,billing
"I'm so frustrated with the lack of transparency from your team, Aviato's roadmap is unclear and it's affecting my business decisions.",complaint
"I'm having trouble with the Aviato single sign-on (SSO) feature, it's not authenticating with our company's IDP.",technical_issue
"The Tracksy knowledge base is not loading, I'm trying to access the documentation but it's not available.",technical_issue
"I've already paid my invoice, but it's still showing as overdue in my BloomCRM account",billing
Can you tell me more about the different roles and responsibilities within your sales team?,other
"Can someone help me understand the reporting capabilities in Tracksy, I'm not sure how to generate the reports I need?",other
"Tracksy is starting to feel like a chore to use, I'm not sure how much longer I can keep going with it.",complaint
"I'm starting to regret switching to Tracksy, the benefits just don't outweigh the headaches.",complaint
I think it would be really useful if BloomCRM had a feature to predict sales forecasts based on historical data.,feature_request
"I've been noticing a lot of inconsistencies in the way Aviato handles data, it's really making it hard to trust the platform.",complaint
"Aviato's reporting feature is not working, it's just showing a blank page with no data.",technical_issue
"Can you explain the pricing for the premium features in Aviato, I'm not sure what I'm being charged for",billing
Can you add a feature to Tracksy that allows me to set reminders for upcoming events and deadlines?,feature_request
"I wish Tracksy had a feature to integrate with our Google Calendar, so we can see our tasks and events in one place.",feature_request
"I'm extremely dissatisfied with the communication from your team, I've been waiting for weeks for a response and nothing.",complaint
How do I create a custom report in BloomCRM to track sales performance?,other
"I've been charged twice for my Aviato subscription this month, can you please look into this and refund the extra charge?",billing
"I've been recommending BloomCRM to my colleagues, but after the last update, I'm having second thoughts, it's just not what it used to be.",complaint
Can you please add a feature to Tracksy to allow users to upload custom logos?,feature_request
"I just received an invoice for Tracksy and the amount is incorrect, can you look into this and fix it?",billing
"It would be great if Aviato had a feature to automate email follow-ups, that would save me so much time.",feature_request
"The search function in Aviato is not working, I've tried searching for existing contacts but nothing shows up.",technical_issue
Can you add a custom filter option to Tracksy so I can sort my data more efficiently?,feature_request
"I'm being charged for a BloomCRM feature that I don't have access to, can you fix this?",billing
Can you add a customization option to change the color scheme in BloomCRM?,feature_request
"I've received an invoice for BloomCRM but I've already paid my subscription fee for the month, what's going on?",billing
"BloomCRM's mobile app is clunky and hard to navigate, I expect more from a top-tier SaaS product.",complaint
"It would be great if Tracksy had a mobile app, so I can track my tasks on-the-go.",feature_request
I'm looking for some case studies or success stories from existing customers who are using your product,other
"The Tracksy mobile app is not sending push notifications, even though I've enabled them in the settings, can you help me with this?",technical_issue
"I'm unhappy with the direction Aviato is headed, it seems like you're prioritizing new features over fixing existing issues.",complaint
I'm interested in learning more about the onboarding process for new customers - what kind of support can I expect from your team?,other
"I'm trying to decide between Tracksy and another product, but if you had a feature to track website interactions, that would seal the deal for me.",feature_request
"I'd love to see a feature in Aviato that allows us to create a knowledge base, so we can share information and resources with our team.",feature_request
"The calendar view in BloomCRM is not displaying all of my events, some are missing and I don't know why.",technical_issue
"I've been charged twice for my Aviato subscription this month, can you please look into this and refund the extra charge?",billing
How do I customize the dashboard in Aviato to fit my specific business needs?,other
"It would be really helpful if Tracksy had a feature to track email opens and clicks, can you make that happen?",feature_request
It would be amazing if Aviato could integrate with our existing Slack channels for seamless communication,feature_request
Is there any way to customize the dashboard layout in Tracksy to fit our team's needs?,feature_request
Can you add a feature to BloomCRM that allows us to create custom fields for contacts?,feature_request
Is it possible to get a demo of Tracksy before committing to a paid plan?,other
"I need to update my company's billing information for Tracksy, can you please let me know what documentation you need from me",billing
"I'm starting to regret choosing Tracksy, the whole system feels really outdated and unresponsive.",complaint
Can you please provide more information on the data security measures you have in place for Aviato?,other
I wish there was a way to automate repetitive tasks in BloomCRM using workflows.,feature_request
"I thought Tracksy would help streamline our operations, but it's actually created more work and headaches for us.",complaint
"The loading animation in Tracksy just keeps spinning and never actually loads the data, what's going on?",technical_issue
"The BloomCRM iOS app is not sending push notifications for new leads, even though I have notifications enabled.",technical_issue
I'd love to see a feature in BloomCRM that allows me to assign multiple owners to a single contact.,feature_request
"I'm trying to find the Aviato user manual, can you please provide a link?",other
"BloomCRM's lack of attention to detail is staggering, it's like they're not even trying.",complaint
"Aviato's communication about changes to the product is inadequate, I feel like I'm constantly discovering new 'features' by accident.",complaint
"The BloomCRM dashboard is not displaying any data, it's just a blank page with no error messages.",technical_issue
I'd love to get some guidance on how to use Aviato to create custom reports and dashboards - are there any tutorials or webinars available?,other
"I'm interested in learning more about the company culture at BloomCRM, can you send me some information?",other
"Can you please look into why my payment for Aviato was declined, I've checked with my bank and there are no issues on their end",billing
"The more I use Aviato, the more I realize it's not designed for businesses like mine, it's too generic and inflexible.",complaint
